winner_ioc,loser_ioc,winner_hand,loser_hand,num_winners,avg_winner_age,max_loser_age
SUI,POL,L,R,1,26.5,22.9
ITA,BRA,R,L,1,26.7,28.5
SRB,USA,R,R,12,30.73076923076923,29.5
ESP,ESP,R,R,8,26.981818181818184,35.0
FRA,TPE,R,R,1,26.5,21.4
SRB,NOR,R,R,3,26.82,25.8
AUS,SRB,R,R,9,26.488888888888887,33.3
FRA,COL,R,R,3,28.2,27.3
USA,JPN,R,R,7,25.75714285714286,33.5
GRE,AUS,R,R,4,24.75,24.4
ARG,BOL,R,R,2,22.8,29.6
ARG,ESP,R,L,3,29.13333333333333,35.5
DEN,SUI,R,L,1,19.7,26.6
ITA,SRB,R,R,8,25.344444444444445,36.4
ESP,FRA,R,L,1,23.6,24.6
GBR,ARG,L,L,2,27.4,22.1
ESP,ITA,R,R,9,23.38181818181818,35.7
BOL,POR,R,R,1,29.6,33.8
POL,SWE,R,R,1,26.0,24.4
SWE,MDA,R,R,1,24.4,33.2
NED,ARG,R,L,1,26.6,32.8
ARG,USA,R,R,9,25.738461538461543,30.4
AUS,BUL,R,R,2,26.9,31.9
ESP,SUI,R,L,2,25.85,26.7
GER,SRB,R,R,4,28.775,32.8
JPN,ESP,R,R,3,28.866666666666664,30.5
USA,KAZ,R,R,3,28.03333333333333,26.2
NED,HUN,R,R,1,27.5,31.1
ITA,GBR,R,L,3,21.599999999999998,28.0
JPN,BEL,L,R,1,27.5,32.3
ARG,NED,R,L,1,28.0,27.0
GER,RUS,R,R,7,28.61111111111111,29.6
CHI,SUI,R,L,1,26.8,26.8
CHN,AUT,R,L,1,26.5,23.9
NOR,KAZ,R,R,3,24.53333333333333,26.3
GER,SUI,R,L,2,24.75,27.0
PER,POL,R,R,1,27.6,26.2
FIN,ITA,R,R,1,24.1,21.8
KAZ,BEL,R,R,1,25.9,32.5
SUI,AUS,L,R,2,20.9,24.0
CAN,MDA,L,R,1,24.2,33.6
SUI,ARG,R,R,3,38.300000000000004,31.3
RUS,HUN,R,R,3,26.566666666666663,34.9
SRB,SUI,R,R,2,34.650000000000006,38.5
CHN,GER,R,R,1,26.7,31.6
SUI,ITA,R,R,1,38.3,28.2
NED,GBR,R,L,2,27.05,29.5
FRA,CHI,L,R,2,25.200000000000003,28.0
CZE,GER,R,L,1,21.7,29.3
AUT,POR,R,R,1,27.2,26.5
PER,CHN,R,R,1,27.9,25.6
JPN,RUS,L,R,1,27.9,30.0
CZE,CHN,R,R,1,20.9,36.9
RSA,CZE,R,L,1,26.5,30.1
FRA,AUT,L,L,1,35.2,24.3
HUN,CAN,R,R,1,31.6,23.1
SRB,SWE,R,R,1,25.5,27.5
CRO,CZE,R,R,1,18.1,21.9
FRA,HUN,R,R,1,37.1,31.6
CRO,RUS,R,R,1,25.6,30.1
DEN,GRE,R,R,1,20.5,25.2
CRO,NED,R,R,1,25.5,27.1
ISR,JPN,L,R,1,23.6,20.2
BRA,CHN,L,R,1,28.6,25.0
TUR,SLO,R,L,1,25.15,19.7
HKG,LAT,R,R,1,19.2,23.4
IND,MAR,R,R,1,26.0,28.3
LIB,JAM,R,R,1,25.0,21.7
BAR,NMI,R,R,1,30.7,28.1
BUL,BEL,R,R,1,30.5,32.0
USA,CZE,R,R,6,26.0,22.2
USA,COL,R,R,4,27.949999999999996,27.2
AUS,AUS,R,R,11,26.87272727272727,29.1
JPN,MEX,R,R,1,29.9,26.5
USA,KOR,R,R,3,29.133333333333336,25.7
GBR,ARG,R,L,1,32.6,32.8
JPN,CZE,L,R,1,27.3,20.2
GBR,AUS,R,R,4,34.475,26.7
POR,CHI,R,R,1,33.8,26.6
ARG,BRA,R,L,3,26.933333333333337,35.1
GER,USA,R,R,8,28.630000000000003,27.4
ITA,USA,R,R,12,24.642857142857142,30.2
USA,SUI,R,L,5,25.740000000000002,26.7
POR,USA,R,R,2,26.049999999999997,38.0
ESP,SRB,R,R,6,24.199999999999996,36.1
CAN,ESP,R,R,3,22.566666666666666,25.8
BRA,AUT,L,R,1,28.7,29.4
DEN,POR,R,R,1,19.8,26.0
SRB,CZE,R,R,4,26.925,23.0
CHI,NOR,R,R,2,27.15,24.4
BLR,NED,R,R,1,29.0,27.4
CHI,USA,L,R,1,25.7,25.8
AUS,CHN,R,R,3,24.45,26.8
NOR,POR,R,R,1,24.2,34.0
USA,NED,R,L,1,25.1,27.0
CHI,BEL,R,R,1,26.8,23.8
USA,GRE,R,R,2,26.25,24.8
SRB,RUS,R,L,1,35.8,26.4
GRE,CAN,R,L,1,24.6,24.0
DEN,NED,R,R,1,19.9,27.5
DEN,AUS,R,R,2,19.95,28.8
MDA,ARG,R,R,1,33.4,31.1
ESP,CRO,R,R,1,19.9,26.4
CRO,GER,R,R,1,26.4,24.6
SRB,CAN,R,R,1,32.8,22.7
KAZ,USA,R,R,5,24.08571428571429,28.2
ESP,BOL,R,R,2,28.3,30.0
ESP,ITA,L,R,2,35.36666666666667,36.1
CHN,ITA,R,R,2,25.1,30.6
ESP,UKR,R,R,1,26.3,25.8
FRA,CAN,R,R,1,18.9,22.7
FRA,FRA,R,L,2,33.15,35.2
ITA,KAZ,L,R,1,21.4,25.9
SRB,HUN,R,R,1,36.0,31.3
NOR,ITA,R,L,1,24.4,21.4
JPN,BRA,L,R,1,27.6,23.2
SUI,USA,L,R,1,26.9,26.0
KAZ,RUS,R,R,2,24.45,27.4
FRA,KAZ,L,R,2,30.15,22.9
COL,SWE,R,R,1,27.0,24.8
ESP,PER,L,R,2,35.45,27.8
AUT,ESP,R,R,1,27.1,26.5
ARG,CZE,R,R,3,25.933333333333337,21.8
USA,BAR,R,R,1,25.6,31.3
GBR,KAZ,L,R,1,28.0,22.7
CZE,ARG,L,R,1,30.1,25.0
GER,GBR,R,L,1,26.5,28.1
CAN,SWE,R,R,1,27.55,27.4
SUI,GBR,R,L,1,38.4,28.0
MEX,CHN,L,R,1,18.3,26.9
USA,POL,R,R,5,24.683333333333334,26.4
GRE,CRO,R,R,4,24.75,26.7
CZE,GER,R,R,2,21.3,33.0
ITA,BRA,R,R,2,28.6,24.8
USA,JPN,R,L,4,26.375000000000004,28.0
FRA,AUS,R,R,10,29.83636363636364,30.1
ITA,GBR,R,R,9,24.544444444444444,36.2
BEL,USA,R,R,2,30.8,26.6
GBR,RUS,L,R,3,25.366666666666664,26.6
USA,NOR,R,R,2,26.2,24.8
FRA,GEO,R,R,2,27.45,30.9
SRB,POR,R,R,2,25.549999999999997,33.9
GBR,PER,L,R,1,27.4,27.3
GBR,ARG,L,R,3,25.433333333333334,23.5
ARG,ESP,R,R,7,25.439999999999998,37.2
ARG,GER,R,R,3,24.3,31.5
PER,POR,R,R,1,27.3,33.8
ESP,ESP,R,L,6,26.0,35.5
ESP,FRA,R,R,8,24.09090909090909,36.3
DEN,ITA,R,R,4,19.939999999999998,35.9
JPN,NOR,R,R,1,30.0,24.1
ARG,SRB,R,R,6,24.857142857142858,32.6
JPN,ITA,R,R,1,30.1,26.8
FRA,AUT,L,R,4,32.6,30.1
TPE,KAZ,R,R,2,23.450000000000003,25.7
FIN,NED,R,R,2,23.049999999999997,27.9
NOR,BLR,R,R,1,24.2,29.0
CAN,BRA,R,L,1,22.6,28.8
ARG,MDA,R,R,1,22.2,33.3
SWE,MAR,R,R,1,26.9,27.9
AUS,MAR,R,R,1,23.6,21.9
POL,SRB,R,R,3,26.366666666666664,33.3
POR,BLR,R,R,1,26.1,29.1
ECU,ESP,R,L,1,31.3,35.2
DEN,GER,R,R,2,20.2,31.4
JPN,SVK,L,L,1,27.5,25.3
BRA,CRO,L,R,1,28.8,25.1
ITA,KAZ,R,R,6,26.683333333333334,26.3
CHI,BUL,R,R,1,27.6,32.0
BUL,ESP,R,R,2,32.15,30.1
BLR,FRA,R,L,1,29.2,34.8
FRA,SRB,L,R,1,34.8,31.2
FRA,RSA,R,R,2,28.55,26.3
PER,CHN,R,L,1,27.6,18.3
ARG,NED,R,R,1,22.1,27.6
ESP,JPN,R,R,2,25.15,30.4
BUL,FIN,R,R,3,32.06666666666667,24.3
JPN,ESP,R,L,1,25.1,41.7
HUN,CAN,R,L,1,31.3,24.1
NED,CHN,R,R,1,27.7,26.7
BUL,BLR,R,R,1,32.1,29.3
DEN,ESP,R,R,1,20.1,30.2
SRB,USA,R,L,2,32.1,20.8
ESP,SUI,R,R,1,26.1,38.3
SRB,SUI,R,L,2,22.05,21.2
CRO,BLR,R,R,1,26.7,29.4
FRA,JPN,R,R,3,29.333333333333332,30.5
ESP,NOR,R,R,2,22.200000000000003,24.7
ARG,RUS,L,R,1,21.7,26.0
ESP,RSA,R,R,1,20.3,26.5
CRO,CZE,R,L,1,25.4,30.1
JPN,RSA,L,R,1,27.9,26.5
SRB,KAZ,R,R,1,20.1,22.8
CHN,POL,R,R,1,26.9,26.6
SUI,NOR,L,R,1,21.1,24.8
CAN,GER,R,R,1,23.2,33.5
TUR,AUS,R,R,1,28.2,25.5
AUT,USA,L,R,1,24.4,26.3
FIN,CRO,R,R,1,23.299999999999997,25.5
CAN,FIN,R,R,1,32.8,24.9
GER,SUI,R,R,1,25.7,37.8
ARG,LTU,R,R,1,23.933333333333337,33.2
BRA,DEN,L,R,1,29.2,20.3
TUR,SLO,R,R,1,27.4,18.6
LBN,JAM,U,U,1,18.8,18.5
MON,ECU,R,R,1,27.0,31.7
ITA,POL,R,R,2,23.03333333333333,26.1
GRE,BUL,R,R,1,24.3,31.6
AUS,ESP,R,L,5,29.21666666666667,39.3
ITA,NOR,R,R,2,23.2,25.7
BRA,NOR,R,R,1,24.8,25.7
CRO,FRA,R,R,2,26.15,27.5
NED,ESP,R,R,5,27.119999999999997,35.5
GER,SWE,L,R,1,27.5,26.7
USA,ARG,R,R,13,24.944444444444443,30.9
SRB,ESP,R,R,9,33.06363636363636,30.0
USA,FRA,R,L,9,27.379999999999995,35.1
FRA,SVK,R,L,1,26.2,25.1
ESP,NED,R,R,5,26.880000000000003,35.7
SRB,GBR,R,R,2,28.0,35.8
CZE,ESP,R,R,3,21.624999999999996,26.6
ARG,ARG,R,L,3,24.166666666666668,32.6
USA,CHN,L,R,1,20.2,26.2
RUS,FIN,R,R,2,26.2,24.0
FRA,ESP,R,R,10,25.727272727272727,34.9
USA,CHI,L,R,1,20.2,27.2
RUS,JPN,R,L,4,26.35,28.0
ESP,SRB,L,R,2,35.2,32.6
ITA,ITA,R,R,15,24.023529411764706,35.8
ARG,COL,R,R,3,23.400000000000002,27.1
ESP,BRA,R,R,1,19.7,22.0
DEN,USA,R,L,1,19.8,20.3
CAN,USA,R,R,3,25.866666666666664,25.8
FRA,CRO,R,R,2,36.75,25.0
ITA,FIN,R,R,2,21.9,24.2
RUS,FRA,R,R,9,26.60909090909091,36.9
CZE,ITA,R,R,1,21.3,21.0
ARG,BRA,L,R,1,33.0,25.0
FRA,CHN,L,L,1,34.7,18.1
NOR,FRA,R,R,3,24.333333333333332,28.7
AUT,ESP,L,L,1,23.8,35.2
CHI,BOL,R,R,3,27.166666666666668,30.1
CZE,BUL,R,R,1,21.4,31.9
CHI,AUS,R,R,3,27.7,30.1
GER,ESP,R,L,2,32.25,41.7
BIH,FRA,R,R,1,30.9,36.8
ESP,DEN,R,R,3,24.76666666666667,20.3
CHN,GBR,R,L,1,26.5,27.6
KAZ,COL,R,R,1,25.8,26.8
FRA,ARG,R,L,2,23.45,21.7
FRA,CHN,R,R,1,18.9,26.5
SUI,ESP,R,L,1,38.1,35.3
NOR,CHN,R,R,1,24.4,26.6
HUN,CHN,R,R,2,31.4,26.8
CAN,RSA,L,R,1,24.1,26.3
SWE,NED,R,R,1,24.7,27.7
USA,CAN,R,R,4,27.659999999999997,32.6
ITA,PER,R,R,1,21.3,27.7
POL,ESP,R,L,1,26.3,35.4
GBR,NOR,L,R,1,29.4,24.5
AUT,ARG,R,L,2,29.85,33.4
SVK,AUT,L,R,1,25.6,27.2
BLR,CRO,R,R,1,29.4,25.4
CHN,ECU,L,R,1,18.4,31.6
GER,JPN,R,L,1,26.3,27.8
RUS,AUS,R,L,1,27.3,30.6
ARG,GBR,R,R,1,24.2,36.4
CAN,NED,R,R,1,23.2,28.0
GBR,AUT,L,R,1,28.1,22.2
TUR,BUL,R,R,1,28.2,30.2
HUN,HUN,R,R,1,24.0,24.0
AUT,UKR,R,R,1,27.4,26.3
NED,SVK,R,L,1,25.7,25.1
THA,ROU,R,R,1,22.4,20.3
ESA,IRL,R,R,1,32.9,27.0
ECU,MON,R,R,1,26.15,24.8
MEX,EGY,R,R,1,38.6,32.3
JOR,ESA,U,U,1,24.5,NULL
CRO,ARG,R,R,2,25.975,31.2
SRB,IND,R,R,1,30.8,25.3
USA,IND,R,R,2,22.1,26.5
USA,AUS,R,R,16,25.441666666666663,31.4
CAN,CAN,R,R,1,22.4,32.5
AUS,FRA,R,L,8,27.1375,35.0
DEN,FRA,R,L,1,19.7,24.5
CZE,CAN,R,R,1,21.1,22.4
USA,MDA,R,R,2,24.35,33.7
USA,CRO,R,L,1,29.5,33.6
SRB,ARG,R,R,9,32.81,30.5
RUS,BUL,R,R,4,26.35,32.4
CAN,FRA,R,R,1,22.5,28.9
NED,SUI,L,L,1,26.9,26.6
CZE,RUS,R,R,1,21.2,25.3
CAN,AUS,R,R,2,22.8,29.7
ESP,CHI,R,R,3,22.325000000000003,27.7
BUL,NED,R,L,1,31.7,26.9
ITA,GER,R,R,5,23.380000000000003,33.4
SRB,POL,R,R,3,36.06666666666667,26.7
ITA,CAN,R,R,3,28.73333333333333,33.1
SWE,ITA,R,R,1,24.4,22.1
ARG,AUS,R,R,7,23.11428571428571,29.7
FRA,ITA,L,R,3,28.366666666666664,36.4
CHN,ESP,R,R,1,23.3,25.8
FIN,JPN,R,R,1,23.9,30.1
SVK,JPN,L,L,1,25.2,27.4
SUI,ESP,L,L,1,26.7,35.1
ARG,RUS,R,R,1,23.6,24.3
AUS,COL,R,R,1,29.8,26.7
ITA,MON,R,R,1,19.6,24.3
AUS,KAZ,R,R,2,24.3,22.5
AUT,SUI,R,L,1,29.6,26.8
SWE,FRA,R,R,1,24.6,36.9
JPN,AUS,R,R,4,28.675,29.2
FRA,AUT,R,L,1,29.2,24.0
GER,BUL,R,R,4,26.275,32.3
GBR,FRA,L,L,2,28.55,24.9
RSA,ESP,R,R,1,26.3,26.4
FRA,CHI,R,R,1,29.3,27.7
GER,NED,R,L,1,26.2,27.3
DEN,BUL,R,R,1,20.1,32.1
KAZ,ARG,R,L,1,22.6,21.6
AUS,GBR,R,L,3,26.066666666666663,29.5
SVK,BRA,R,R,1,30.7,23.3
HUN,ARG,R,L,1,23.7,21.6
USA,ESP,L,R,2,20.85,26.5
FIN,RUS,R,R,1,24.3,25.8
AUS,UKR,R,R,1,22.4,35.9
TPE,AUS,R,R,2,24.45,27.3
POL,SUI,R,L,1,26.5,27.1
AUT,KAZ,R,R,2,28.6,26.2
PER,SRB,R,R,1,27.8,23.9
CZE,FRA,L,R,1,30.1,28.4
GBR,POL,L,R,1,21.6,26.5
BLR,ESP,R,R,1,30.8,26.6
AUT,FRA,L,R,1,24.3,29.6
GBR,GER,L,R,1,21.8,33.5
GBR,TUR,L,R,1,21.8,28.2
CHI,SWE,R,R,1,27.549999999999997,27.4
CZE,SRB,R,R,1,19.9,33.1
GBR,COL,L,R,1,27.4,35.7
GRE,SVK,R,R,1,25.0,25.4
DEN,IND,R,R,1,19.7,30.5
ISR,LAT,R,R,1,27.5,20.6
LTU,PAK,R,R,1,18.5,43.0
IRL,ESA,R,U,1,27.0,NULL
PAK,INA,R,R,1,43.5,32.1
NMI,BAR,R,R,1,28.1,20.8
EST,JAM,R,U,1,22.5,23.6
SUI,KAZ,R,R,2,37.75,25.6
RUS,GBR,R,L,5,27.060000000000002,29.1
AUS,USA,R,R,16,26.249999999999993,38.2
GBR,KOR,L,R,1,21.0,25.0
CRO,ESP,R,R,3,29.0,30.1
ESP,IND,R,R,1,25.6,28.1
FRA,GBR,R,L,3,34.13333333333333,27.9
USA,USA,R,R,22,25.649090909090905,38.3
CZE,BRA,R,L,1,21.1,28.6
GBR,ITA,L,R,2,21.4,27.6
ESP,GBR,L,L,1,36.6,21.0
JPN,FRA,R,R,2,26.566666666666663,33.8
CHI,SRB,R,R,3,27.2,32.8
GBR,ITA,R,R,5,34.64,28.2
NOR,CZE,R,R,2,24.3,22.2
USA,AUS,L,R,2,20.6,29.4
BOL,ARG,R,L,1,29.6,32.7
ITA,FRA,R,L,6,24.433333333333334,34.6
CHI,COL,R,R,2,25.9,26.7
ECU,SRB,R,R,1,31.1,23.4
USA,TPE,R,R,2,31.1,34.1
USA,SRB,R,R,5,26.171428571428567,33.1
SRB,MDA,R,R,1,23.4,33.2
JPN,GER,L,R,3,27.733333333333334,33.3
ESP,GBR,R,L,2,19.75,27.4
RUS,CAN,R,R,2,27.0,22.5
SVK,BRA,L,R,1,25.2,16.5
ESP,USA,L,R,1,41.4,26.8
GER,ITA,R,R,6,29.342857142857145,35.8
SRB,NED,R,R,4,33.300000000000004,27.5
ITA,SUI,R,L,2,24.65,26.6
ESP,TUN,R,R,1,23.7,39.1
CHI,GER,R,R,3,27.233333333333334,31.2
USA,CHI,R,L,1,25.1,25.7
SUI,SRB,R,R,1,37.9,23.5
ESP,CHN,R,R,4,27.375,25.9
RUS,CZE,R,R,5,27.340000000000003,21.9
FRA,CAN,L,L,1,24.6,23.8
CAN,ARG,L,L,1,23.9,32.8
BUL,GER,R,R,2,31.9,32.9
BUL,FRA,R,R,2,30.75,29.1
RUS,USA,L,R,1,26.4,27.9
FIN,USA,R,R,3,23.674999999999997,28.4
ITA,ESP,R,L,2,22.4,39.4
SVK,SRB,L,R,1,25.3,27.8
BIH,GBR,R,L,1,30.9,29.2
GRE,ESP,R,R,2,24.65,30.1
GER,GER,R,R,4,27.720000000000006,31.4
RUS,BRA,R,L,1,26.9,28.8
SUI,USA,R,R,2,38.199999999999996,25.9
SRB,CHI,R,R,2,25.9,27.1
HUN,ESP,R,R,2,23.75,35.5
PER,ESP,R,L,1,27.6,35.3
AUS,ARG,R,L,1,30.0,22.4
AUS,NED,R,L,1,22.2,27.2
ESP,AUS,L,R,1,41.7,29.1
CAN,AUT,R,R,2,27.8,29.8
COL,JPN,R,L,1,27.0,27.7
GER,CRO,L,R,1,28.0,25.3
AUS,CZE,R,L,1,29.0,29.9
ARG,SWE,R,R,1,31.3,20.1
BRA,COL,L,R,1,29.1,27.0
RSA,NED,R,L,1,37.1,27.3
AUT,CHN,R,R,1,29.9,26.7
AUS,GER,R,L,1,24.4,29.2
GRE,USA,R,R,1,24.9,38.2
JPN,RSA,R,R,1,26.0,26.4
GER,FRA,R,L,2,26.4,35.1
BRA,AUS,R,R,1,25.5,31.6
AUS,POR,R,R,1,20.0,26.5
CHI,CHN,R,R,1,27.3,18.5
HUN,NOR,R,R,1,23.9,24.7
FIN,LBN,R,R,1,24.5,28.6
CHI,JPN,R,R,1,27.3,26.2
GRE,GER,R,R,2,25.15,31.9
GER,FRA,L,L,1,28.3,23.0
KAZ,CHI,R,R,2,24.15,28.0
NED,FRA,R,L,1,28.0,35.3
GER,HUN,R,R,2,30.0,31.7
HUN,AUT,R,L,1,31.7,24.4
FRA,JOR,R,L,1,19.5,20.0
CHI,CAN,R,R,1,27.9,21.9
UKR,COL,R,R,1,25.099999999999998,27.2
LAT,ISR,R,R,1,27.5,27.5
ISR,LAT,L,R,1,23.0,23.3
IRL,ESA,U,U,1,20.65,27.1
LBN,JAM,R,R,1,28.5,29.6
VIE,INA,R,R,1,25.9,25.6
CYP,TUN,R,R,1,26.8,27.5
GRE,ITA,R,R,4,24.540000000000003,27.9
POL,SUI,R,R,2,25.9,37.7
AUS,GBR,R,R,6,25.71666666666667,36.4
JPN,USA,L,R,3,27.366666666666664,27.7
RUS,ESP,R,R,16,26.655,36.9
NED,ITA,R,R,3,27.15,31.3
RUS,NED,R,R,8,26.625,28.0
FRA,FIN,R,R,2,27.9,24.2
GER,SRB,L,R,1,27.5,27.5
GBR,CZE,L,R,2,27.55,22.7
KOR,CZE,R,R,1,25.1,22.2
HUN,ARG,R,R,2,31.0,30.8
GBR,FRA,L,R,5,26.957142857142856,34.0
SVK,SUI,L,R,1,25.1,37.8
ARG,UKR,R,R,1,30.4,22.8
POL,CAN,R,L,1,25.9,23.7
CZE,GBR,R,L,1,21.1,27.4
AUS,FRA,R,R,9,27.130000000000003,37.0
RUS,DEN,R,R,3,25.933333333333334,20.0
CHI,ESP,R,R,3,26.575,26.0
DEN,FRA,R,R,4,19.85,36.7
USA,CRO,R,R,4,27.25,26.5
PER,AUT,R,R,1,27.3,29.4
SRB,ITA,R,R,8,28.922222222222224,35.7
CAN,ITA,R,R,3,22.975,28.3
GBR,CZE,R,R,1,35.7,21.2
ESP,COL,L,R,1,35.0,26.6
SRB,ARG,R,L,4,29.150000000000002,33.1
KAZ,SRB,R,R,1,25.6,30.9
SUI,BEL,R,R,1,37.9,23.7
SWE,FRA,R,L,1,26.8,34.6
CRO,AUS,R,R,2,26.45,26.8
ESP,CHI,R,L,1,25.8,25.7
BRA,ESP,L,L,1,28.7,35.1
GER,ARG,R,R,7,29.157142857142855,31.1
GBR,TPE,L,R,2,27.75,24.8
CZE,FRA,R,R,3,19.625,36.6
FRA,POL,L,R,1,34.7,26.0
FIN,POR,R,R,1,23.9,26.0
AUS,BEL,R,R,2,25.6,29.3
ITA,AUT,R,R,2,24.55,29.5
CHI,USA,R,R,5,27.33333333333334,29.8
FRA,AUT,R,R,2,31.75,29.5
DEN,RUS,R,R,1,19.9,27.1
GER,NOR,R,R,1,32.9,24.2
BLR,GBR,R,R,1,29.1,32.8
ESP,FIN,R,R,2,21.85,24.0
CZE,MDA,R,R,1,21.4,33.4
SVK,JPN,L,R,1,25.3,30.2
CRO,POL,R,R,1,26.4,26.1
KAZ,CZE,R,R,1,22.3,21.4
SVK,CHN,L,R,1,25.3,23.5
ESP,BLR,L,R,1,35.2,29.1
KAZ,ARG,R,R,1,22.4,22.3
GBR,SRB,L,R,2,24.6,23.8
AUS,BLR,R,R,1,24.2,29.2
GBR,GBR,R,L,1,36.1,27.6
BEL,HUN,R,R,1,32.5,23.7
AUT,SUI,L,L,1,24.1,27.0
AUT,SRB,R,R,2,25.9,33.0
USA,AUS,R,L,1,38.2,30.5
AUS,AUT,R,R,1,23.9,27.1
CRO,CHI,R,R,1,25.4,27.1
FRA,JPN,L,R,2,27.666666666666668,26.0
FIN,JPN,R,L,1,24.3,27.8
GER,NED,R,R,1,26.2,27.0
CRO,ARG,R,L,1,26.7,21.7
GBR,COL,R,R,1,33.2,27.1
SRB,ZIM,R,R,1,24.0,30.5
AUT,ARG,L,R,1,24.3,22.7
KAZ,NED,R,R,1,22.8,27.9
AUT,HUN,R,R,1,27.3,31.6
ARG,RSA,R,R,1,24.1,26.5
JPN,CHN,L,L,1,27.9,18.6
POL,TPE,R,R,1,26.6,24.5
FRA,PER,R,R,1,19.3,28.0
CAN,KAZ,R,R,1,23.2,22.8
AUT,SUI,R,R,1,30.1,38.5
GBR,GER,L,L,1,21.8,28.3
BEL,KOR,R,R,1,27.85,25.5
CHI,KAZ,R,R,1,26.950000000000003,25.6
SWE,BIH,R,R,1,25.133333333333336,31.5
PER,NOR,R,R,1,25.066666666666663,26.4
IND,DEN,R,R,1,25.4,24.7
UKR,LIB,R,R,1,27.7,24.4
GEO,BOL,R,R,1,21.4,17.9
ESA,JOR,R,U,1,32.2,24.5
INA,VIE,R,R,1,28.5,29.2
KAZ,POL,R,R,1,21.9,22.9
GBR,AUS,L,R,4,26.2,29.1
SRB,RUS,R,R,8,34.144444444444446,29.4
SRB,CAN,R,L,1,35.6,23.7
SRB,AUS,R,R,8,28.8375,29.9
NED,RUS,R,R,4,26.975,29.6
FRA,SRB,R,R,6,28.616666666666664,33.0
ITA,GEO,R,R,1,30.2,30.8
FRA,FRA,R,R,12,26.719047619047615,36.9
FRA,BEL,R,R,3,28.533333333333335,32.8
BEL,KAZ,R,R,1,32.0,25.5
SUI,FRA,L,R,4,23.75,27.4
SWE,FIN,R,R,1,24.3,23.7
DEN,SRB,R,R,3,20.033333333333335,35.9
ESP,POR,R,R,3,26.933333333333337,33.7
POR,ARG,R,R,1,33.8,23.5
ECU,CAN,R,R,1,31.1,21.3
ITA,NED,R,R,3,22.0,27.3
USA,NED,R,R,4,24.95,27.7
FIN,GBR,R,R,1,23.8,32.7
POR,USA,R,L,1,26.0,30.4
RUS,CRO,R,R,1,27.0,26.2
RUS,KAZ,R,R,4,26.775,26.0
CRO,GBR,R,R,1,26.2,32.7
AUS,FIN,R,R,4,26.619999999999997,24.6
GBR,SUI,L,R,1,21.2,21.1
GBR,ARG,R,R,2,34.349999999999994,24.6
RUS,GRE,R,R,3,27.2,25.1
RUS,SVK,R,L,3,26.0,25.4
ESP,BUL,R,R,3,23.333333333333332,32.0
ESP,MAR,R,R,1,25.9,24.5
USA,SUI,R,R,3,28.399999999999995,38.4
FIN,KAZ,R,R,1,24.0,25.8
SVK,ESP,R,R,2,30.5,25.9
DEN,CHI,R,R,1,19.9,26.8
HUN,GER,R,R,2,28.15,25.1
SRB,CRO,R,R,2,32.0,26.4
GER,USA,R,L,1,32.9,20.5
KAZ,USA,R,L,1,25.8,20.5
KAZ,ESP,R,R,1,25.8,26.0
USA,BOL,R,R,2,27.15,30.0
CHN,SUI,R,L,1,23.6,26.9
ITA,USA,R,L,4,25.475,21.0
BRA,RUS,R,R,1,23.2,27.2
NED,FIN,R,R,3,27.066666666666663,24.5
POL,JPN,R,R,1,26.3,25.1
BUL,ARG,R,R,1,32.0,24.8
CZE,AUT,R,R,2,21.65,29.8
SWE,SVK,R,L,1,24.8,25.5
CAN,FRA,L,R,1,24.2,29.3
PER,FIN,R,R,1,27.7,22.0
NOR,ITA,R,R,1,24.5,21.3
NED,AUS,L,R,1,27.3,25.2
CRO,CRO,R,R,1,17.9,22.4
GBR,NED,R,R,2,33.150000000000006,27.8
GBR,BUL,R,R,1,33.1,32.2
AUS,NOR,R,R,1,25.3,24.6
GRE,CAN,R,R,2,25.1,32.6
ARG,BRA,R,R,1,22.6,25.5
SUI,CRO,R,R,1,38.5,25.6
PER,KAZ,R,R,1,28.0,22.8
GER,GBR,R,R,1,33.5,28.7
ESP,ESP,L,R,1,35.8,30.6
SLO,LUX,L,R,1,32.9,25.7
GEO,BOL,L,R,1,25.5,17.9
SUI,KAZ,L,R,2,26.8,22.7
GBR,ESP,L,L,1,27.3,36.5
RUS,RUS,R,R,11,27.061538461538458,29.8
SRB,FRA,R,R,8,31.500000000000004,36.9
RUS,SWE,R,R,1,25.4,24.3
RUS,ARG,R,R,5,26.383333333333336,27.7
RUS,SUI,R,L,1,26.6,26.5
CAN,SRB,L,R,2,23.75,32.5
RUS,USA,R,R,14,26.645,29.9
FIN,AUS,R,R,1,23.7,24.7
FRA,ITA,R,L,1,26.6,21.6
GRE,NED,R,R,2,24.75,28.0
GRE,CZE,R,R,2,24.75,23.0
ARG,ITA,L,R,1,32.7,27.7
CHN,CAN,R,L,2,24.9,24.0
NED,NED,R,L,1,26.6,26.9
GBR,GER,R,R,2,36.05,31.9
ESP,KOR,R,R,2,24.833333333333332,26.1
GBR,UKR,L,R,1,29.1,22.9
ESP,ARG,L,R,1,35.0,23.5
AUS,MEX,R,L,1,24.0,17.8
ITA,COL,R,R,3,24.53333333333333,27.0
USA,GBR,R,L,6,25.099999999999998,28.1
HUN,USA,R,R,4,31.275,29.9
CHI,GER,L,L,1,25.7,27.7
ARG,CHN,R,R,4,27.65,26.6
FRA,USA,L,L,1,34.7,20.4
SVK,AUS,L,R,2,25.25,28.9
BRA,AUS,L,R,1,28.8,29.8
ESP,POL,R,R,3,22.2,26.5
GER,KAZ,R,R,1,25.9,25.8
GER,BRA,R,L,3,29.7,29.1
SUI,GBR,L,R,1,26.8,28.2
CRO,HUN,R,R,2,22.15,23.7
HUN,CZE,R,R,1,23.5,21.4
CHN,FRA,R,R,2,25.2,37.2
POR,SRB,R,R,1,26.2,32.8
GER,CHN,R,R,2,29.55,26.6
FRA,FRA,L,L,3,31.599999999999998,34.9
BUL,KAZ,R,R,2,32.2,26.3
ARG,POR,R,R,3,25.966666666666665,26.3
FRA,RUS,L,R,5,33.160000000000004,27.3
ITA,CRO,R,R,2,21.2,34.8
GRE,SRB,R,R,1,24.8,28.0
SRB,AUT,R,R,1,19.9,29.8
PER,ARG,R,L,1,27.7,33.3
USA,GER,R,L,1,24.5,29.2
CHN,USA,L,L,2,18.4,20.8
COL,ITA,R,R,1,27.1,30.8
SVK,FRA,L,R,1,25.6,19.2
BRA,CHI,R,L,1,25.4,26.1
GBR,KAZ,R,R,2,33.2,35.7
JPN,CHN,R,R,1,25.3,23.7
USA,PER,R,R,2,22.35,27.8
ESP,GER,R,L,1,20.3,29.3
SUI,JPN,R,L,1,38.4,27.9
FRA,HUN,L,R,2,29.65,30.9
USA,AUT,L,R,1,20.8,29.9
CZE,BLR,R,R,1,21.8,30.8
TPE,ITA,R,R,1,24.5,21.5
NED,SUI,R,L,1,28.0,21.1
SUI,LBN,L,R,1,21.1,28.7
ITA,JOR,R,L,1,28.4,19.9
FRA,ESP,L,L,1,35.3,35.8
USA,UZB,R,R,1,27.933333333333334,24.2
IND,DEN,L,R,1,33.2,19.5
EGY,URU,R,L,1,32.4,23.5
BAR,VAN,R,U,1,25.75,19.9
GER,CZE,R,R,3,28.833333333333332,22.4
RUS,ITA,R,R,15,26.8125,30.9
FRA,POR,R,R,3,27.825000000000003,34.8
FRA,USA,R,R,13,28.513333333333332,37.7
ESP,AUS,R,R,7,23.477777777777774,33.5
ESP,USA,R,R,12,25.518750000000004,38.1
RUS,AUT,R,R,1,25.2,29.3
GER,PER,R,R,2,28.549999999999997,27.5
AUS,ITA,R,R,11,26.572727272727274,36.3
HUN,RSA,R,R,1,30.9,25.8
USA,USA,L,R,6,20.7125,30.2
ESP,POR,L,R,1,35.0,33.8
USA,ECU,R,R,4,29.550000000000004,31.3
GEO,FRA,R,R,1,30.9,30.7
AUT,SVK,R,L,1,29.4,25.2
CZE,BIH,R,R,1,21.2,30.7
CHI,ARG,R,R,7,27.0625,33.2
GBR,BOL,L,R,1,27.4,29.6
KAZ,BUL,R,R,3,25.240000000000002,31.7
SWE,BEL,R,R,1,24.4,32.2
JPN,USA,R,R,2,25.15,25.9
GBR,JPN,L,R,3,28.2,30.1
CHI,AUS,L,R,1,25.7,28.8
GBR,MDA,R,R,1,35.8,33.3
SVK,ESP,L,L,1,25.2,35.1
COL,CHN,R,R,1,26.7,26.4
BUL,USA,R,L,1,31.9,20.5
ESP,GRE,R,R,2,19.95,24.7
ARG,NOR,R,R,2,24.9,24.8
BEL,ESP,R,L,1,32.3,41.5
KAZ,ITA,R,R,3,23.73333333333333,31.6
USA,AUT,R,R,4,24.05,29.6
SUI,GER,R,R,2,33.4,32.9
FIN,FRA,R,L,4,24.099999999999998,24.9
DEN,NOR,R,R,1,20.0,24.3
HUN,SRB,R,R,2,27.549999999999997,33.2
NOR,USA,R,R,3,24.566666666666666,27.4
KAZ,GER,R,R,2,24.8,33.1
CAN,ITA,L,R,1,24.1,22.2
ESP,CAN,R,L,1,20.0,24.1
NED,POL,R,R,1,26.9,26.3
SRB,GER,R,R,3,28.03333333333333,31.6
USA,SWE,R,R,2,24.950000000000003,24.7
CHI,FRA,R,L,3,27.833333333333332,35.3
RUS,JOR,R,L,1,25.8,19.6
BLR,ARG,R,R,1,29.3,31.3
GRE,GBR,R,R,1,24.8,36.1
AUS,JPN,R,L,1,27.2,27.8
GER,AUS,L,R,1,29.2,31.5
CAN,GBR,R,R,1,21.8,33.2
CRO,USA,R,R,5,25.98,28.3
ARG,USA,L,L,1,21.7,21.8
USA,NED,L,R,1,21.8,27.8
NED,JPN,R,R,1,27.2,26.1
POR,KAZ,R,R,1,26.5,35.7
DEN,CAN,R,R,1,20.4,23.1
POL,CHN,R,R,1,26.6,26.9
EST,ESP,R,R,1,20.4,26.4
CAN,POL,R,R,1,23.2,26.6
FRA,NED,R,L,1,32.6,27.6
FRA,SUI,L,R,1,25.2,38.4
ROU,THA,R,R,1,20.96666666666667,22.4
MAR,IND,R,R,1,20.3,26.6
MEX,CHN,R,R,1,27.1,18.4
FRA,ARG,L,R,1,34.5,30.8
RUS,SRB,R,R,8,26.58888888888889,35.7
ITA,AUS,R,R,11,23.664285714285715,30.2
ESP,RUS,R,R,6,24.5,27.7
JPN,DEN,L,R,1,27.2,19.6
NED,GER,R,L,1,27.2,27.5
ESP,ARG,R,R,7,25.9,30.4
SRB,SVK,R,L,1,27.5,25.0
FRA,NZL,R,R,1,36.5,26.0
USA,ARG,L,R,2,20.5,28.3
KOR,SWE,R,R,1,25.1,24.3
JPN,SWE,L,R,1,27.3,24.3
ITA,POR,R,R,1,27.6,25.9
AUS,SUI,R,L,4,27.5,27.2
ARG,FRA,R,R,7,25.749999999999996,37.1
CZE,CRO,R,R,1,21.1,26.1
USA,ESP,R,L,4,25.04,41.4
FRA,BOL,R,R,1,27.8,29.5
USA,CHN,R,L,3,26.266666666666666,18.6
CAN,JPN,L,R,1,23.7,29.9
CAN,SVK,R,L,1,22.4,25.1
GBR,FRA,R,R,4,33.675,35.9
BUL,SRB,R,R,1,31.6,27.6
SRB,BUL,R,R,3,35.96666666666667,32.4
SRB,GRE,R,R,1,35.6,24.4
ITA,ARG,R,L,3,27.5,32.9
MDA,AUS,R,R,1,33.2,26.8
CRO,USA,L,R,1,33.6,30.3
PER,ITA,R,R,1,27.3,20.9
SUI,FRA,R,R,2,32.23333333333333,36.6
NED,DEN,L,R,1,26.9,19.7
GER,KOR,R,R,1,25.8,25.1
KOR,JOR,R,L,1,25.2,19.2
COL,ARG,R,R,1,26.6,27.8
POL,FRA,R,R,2,26.05,36.8
FRA,SUI,R,L,3,28.5,27.1
GER,AUS,R,R,4,29.2,31.6
SVK,CRO,L,R,1,25.2,26.3
ARG,GEO,R,R,1,27.8,31.0
ITA,RUS,R,R,8,23.16,29.7
DEN,ARG,R,R,3,20.119999999999997,30.5
POR,ITA,R,L,1,34.0,21.3
AUT,AUT,R,R,2,28.4,30.0
GBR,RUS,R,R,1,32.9,26.9
RUS,CHI,R,R,3,26.73333333333333,27.5
DEN,KAZ,R,R,1,19.9,25.8
ESP,BEL,R,R,1,30.0,32.3
ARG,JOR,R,L,1,28.0,19.4
GBR,HUN,L,R,1,27.7,31.2
HUN,FRA,R,L,2,27.6,24.0
FRA,SWE,R,R,1,18.9,24.6
AUT,USA,R,R,2,28.0,30.1
RUS,MDA,R,R,1,27.0,33.5
ARG,CRO,R,R,3,23.0,26.7
NOR,DEN,R,R,1,24.4,20.0
GER,POL,R,R,1,33.1,26.3
CHN,AUS,R,R,1,23.6,28.1
GER,CAN,R,L,1,26.1,24.1
CHI,GRE,R,R,2,27.75,25.1
DEN,GBR,R,L,1,20.1,27.6
RSA,RUS,R,R,1,26.3,25.8
JPN,SUI,R,L,1,25.2,27.0
USA,BRA,R,L,1,27.1,29.0
SUI,FIN,R,R,1,38.2,24.2
POL,GBR,R,R,1,26.3,27.0
ARG,JPN,R,R,1,28.2,30.4
ITA,SVK,R,R,1,21.3,30.7
CHI,NED,R,L,1,27.8,27.3
BLR,KAZ,R,R,1,29.4,22.7
AUS,RSA,R,R,2,27.25,37.2
POL,GRE,R,R,1,26.5,25.0
JPN,FRA,L,R,1,27.8,29.4
ARG,GER,L,R,1,21.7,31.7
GBR,CHN,R,R,1,36.3,23.2
BUL,CHI,R,R,1,32.3,27.9
FRA,GRE,L,R,1,25.2,25.1
NOR,JPN,R,L,1,24.7,28.0
JPN,ARG,R,R,1,20.3,24.2
AUT,AUS,R,R,2,27.4,29.4
PER,HUN,R,R,1,28.0,24.0
POL,GER,R,R,1,26.6,33.4
KAZ,SUI,R,R,1,22.8,38.5
BUL,ITA,R,R,2,32.4,21.6
KAZ,HUN,R,R,1,22.9,25.2
GBR,SUI,R,L,1,28.7,27.3
CZE,KOR,R,R,1,22.35,26.1
FIN,CAN,R,R,1,22.4,22.1
FIN,ARG,R,R,1,23.8,27.8
KOR,BEL,R,R,1,25.3,32.1
POR,AUT,R,R,1,30.45,30.0
LTU,PAK,R,U,1,25.3,28.6
PAK,INA,R,U,1,43.6,20.6
PAK,INA,U,U,1,21.5,20.6
URU,EGY,U,R,1,18.4,24.5
JAM,EST,R,L,1,21.1,24.8
CRO,GRE,R,R,1,24.8,18.3
GBR,USA,L,R,4,24.9,29.4
USA,GBR,R,R,6,24.883333333333336,36.2
POL,KAZ,R,R,4,26.049999999999997,26.1
USA,GER,R,R,12,26.2375,33.1
GBR,ESP,R,L,1,32.6,34.9
CAN,RUS,L,R,1,23.7,25.4
NED,CRO,R,R,2,27.2,34.2
ITA,IND,R,R,1,20.6,25.9
GRE,FRA,R,R,4,24.599999999999998,36.7
RSA,ITA,R,R,1,25.8,20.8
FRA,FRA,L,R,11,26.96666666666667,37.1
FRA,USA,L,R,10,30.26153846153846,37.7
SRB,BEL,R,R,3,28.200000000000003,24.2
NED,NED,R,R,1,26.5,27.2
ITA,HUN,R,R,3,24.433333333333334,31.2
CAN,ARG,R,R,2,22.45,24.5
GRE,RUS,R,R,2,24.799999999999997,27.4
CHN,FRA,R,L,2,23.5,34.6
USA,DEN,R,R,5,26.28,20.4
FRA,ITA,R,R,7,23.4,30.6
BUL,AUS,R,R,4,32.075,29.2
GBR,ESP,L,R,1,27.4,26.1
AUS,DEN,R,R,2,24.15,20.1
BRA,ITA,L,R,1,28.7,30.4
USA,HUN,R,R,4,24.775,31.5
HUN,SVK,R,L,1,31.0,25.2
RUS,BLR,R,R,2,26.9,29.1
AUS,SWE,R,R,2,22.8,24.5
FRA,ESP,L,R,2,24.35,30.2
NED,NOR,R,R,1,27.4,24.2
GRE,CHI,R,R,3,24.7,27.8
SRB,FRA,R,L,3,25.233333333333334,24.7
SRB,AUT,R,L,1,23.5,23.8
BUL,ECU,R,R,1,31.9,31.3
ESP,GER,R,R,4,20.9,32.9
RUS,SUI,R,R,1,25.5,38.0
SUI,BLR,R,R,1,38.1,29.1
GBR,BEL,L,R,1,27.7,32.4
CAN,USA,L,R,1,24.1,21.8
GRE,CZE,R,L,1,24.7,29.8
NOR,SWE,R,R,1,24.4,27.1
SVK,FRA,L,L,1,25.4,22.6
ARG,AUT,R,R,2,27.5,29.9
POL,NED,R,R,2,26.4,27.3
BRA,ARG,R,L,1,23.2,33.0
NOR,CHI,R,R,2,24.45,27.6
KAZ,CRO,R,R,1,26.0,26.5
ARG,SUI,R,L,2,28.05,27.0
SUI,GBR,L,L,1,27.0,27.6
GBR,SRB,R,R,1,27.0,33.0
COL,GER,R,R,2,27.05,29.9
BEL,CHI,R,R,1,32.5,25.5
RUS,ARG,R,L,1,25.9,33.1
CAN,GBR,L,L,1,24.2,29.4
RUS,BEL,R,R,1,25.7,32.5
BEL,SRB,R,R,1,24.1,28.1
JPN,CHN,R,L,2,29.45,18.6
CHI,MEX,R,L,1,27.8,18.2
TPE,MEX,R,R,1,34.1,27.0
AUS,CHI,R,R,3,24.2,27.8
RSA,ARG,R,L,1,26.5,33.2
BUL,SVK,R,L,1,32.2,25.7
BUL,PER,R,R,1,32.3,27.9
AUS,ARG,L,R,1,30.6,31.0
SWE,ESP,R,R,1,27.5,35.5
GER,POR,L,R,1,28.3,26.6
JOR,USA,L,R,1,20.0,19.2
GER,BIH,R,R,1,28.35,31.3
SVK,GRE,L,R,1,25.7,25.0
JPN,ISR,R,L,1,26.1,23.6
ISR,JPN,R,R,1,28.1,26.1
NOR,PER,R,R,1,26.4,19.4
UKR,LBN,R,R,1,19.1,27.9
HKG,LAT,R,U,1,22.1,18.0
IND,MAR,R,U,1,23.2,19.9
EGY,URU,R,R,1,32.9,24.1
ITA,GRE,R,R,3,21.46666666666667,25.2
GRE,BEL,R,R,1,21.3,32.0
NED,FRA,R,R,6,28.28333333333333,36.9
SWE,USA,R,R,2,24.55,27.7
AUS,ARG,R,R,6,26.183333333333334,31.1
CHN,GER,L,R,1,17.9,29.5
USA,CHI,R,R,2,23.95,26.8
AUS,GER,R,R,7,26.442857142857143,31.1
AUS,TPE,R,R,1,23.65,23.7
POL,ITA,R,R,2,26.1,27.6
RUS,GBR,R,R,6,26.95,36.3
ESP,GBR,R,R,7,25.942857142857147,35.6
USA,USA,R,L,9,26.244444444444444,32.9
ARG,ARG,L,R,3,21.5,30.9
ARG,ESP,L,R,1,21.2,37.0
BOL,ARG,R,R,1,29.6,27.8
FRA,AUS,L,R,8,28.944444444444443,30.0
ITA,FRA,R,R,13,23.306666666666665,37.0
FRA,KAZ,R,R,2,32.9,26.1
FIN,SWE,R,R,1,23.8,24.4
ITA,SUI,R,R,3,21.633333333333336,38.4
BUL,POL,R,R,2,32.05,26.7
GRE,FIN,R,R,1,24.5,23.8
BEL,SVK,R,R,1,32.2,24.9
POL,RUS,R,R,2,26.3,25.9
CHI,JPN,R,L,1,26.7,27.4
GER,FRA,R,R,7,27.1,37.0
ITA,ESP,R,R,8,25.525,35.0
JPN,GER,R,R,1,30.1,25.9
NOR,SRB,R,R,2,24.25,27.9
NED,USA,L,R,1,27.0,37.9
AUS,NED,R,R,3,25.900000000000002,27.4
ARG,BEL,R,R,1,30.6,32.3
CHI,CRO,R,R,1,27.4,26.4
RUS,CHN,R,R,3,28.433333333333337,26.9
JPN,FRA,R,L,2,27.75,35.1
BUL,SUI,R,R,1,31.9,38.1
GER,BEL,R,R,2,28.95,32.4
FRA,GBR,R,R,3,23.96666666666667,33.1
GER,CHI,R,R,4,29.299999999999997,27.9
GER,ITA,R,L,1,24.6,21.4
AUS,CRO,R,R,3,26.7,26.7
POL,BEL,R,R,1,26.2,32.4
GER,RSA,R,R,1,26.1,26.2
ARG,FRA,L,R,4,30.5,27.9
PER,ESP,R,R,1,27.6,35.1
CHN,ARG,R,R,2,26.75,24.2
POL,USA,R,R,3,26.533333333333335,27.1
GER,AUT,R,R,3,28.166666666666668,30.1
USA,RSA,R,R,1,27.1,26.3
CZE,USA,L,R,1,29.9,22.9
GER,GER,R,L,2,28.049999999999997,29.1
RUS,CAN,R,L,1,25.9,24.2
BEL,AUT,R,L,1,24.1,24.1
SWE,SWE,R,R,1,20.1,27.2
FRA,RSA,L,R,2,25.0,37.1
AUS,JOR,R,L,1,22.3,19.6
FRA,NOR,R,R,1,19.1,24.5
ITA,CZE,R,R,1,22.4,21.7
ARG,SVK,R,L,1,22.5,25.6
BRA,AUT,R,R,1,23.3,29.9
CRO,TPE,R,R,1,26.7,34.1
BUL,FRA,R,L,1,32.2,25.0
JPN,CAN,R,R,1,25.3,22.9
RUS,NZL,R,R,1,29.9,26.5
GRE,USA,R,L,1,25.0,20.8
FRA,CAN,L,R,1,35.1,23.0
COL,MDA,R,R,1,27.1,33.7
GER,FRA,L,R,2,28.8,37.3
GBR,MDA,L,R,1,21.6,33.7
CRO,BOL,R,R,1,25.4,30.1
SUI,GRE,L,R,1,21.0,25.0
BUL,DEN,R,R,1,32.3,20.4
FRA,TPE,L,R,1,35.2,22.1
SRB,DEN,R,R,3,32.300000000000004,20.5
RUS,BRA,R,R,1,26.1,23.6
FRA,EST,R,R,1,19.3,20.4
JOR,FRA,L,L,1,19.9,23.1
SRB,KOR,R,R,1,30.65,26.1
AUS,CZE,R,R,1,24.7,22.0
LAT,HKG,R,R,1,23.9,25.0
CHN,MEX,R,R,1,25.9,27.1
CYP,TUN,R,L,1,23.9,25.8
USA,ITA,R,R,10,25.481818181818184,35.6
USA,ESP,R,R,8,25.369999999999997,34.7
CAN,AUS,L,R,1,23.7,21.8
NED,MDA,R,R,1,25.6,33.1
KOR,ESP,R,R,1,25.1,34.7
ITA,ARG,R,R,9,23.740000000000002,30.8
CZE,USA,R,R,7,21.777777777777775,30.5
ARG,FRA,R,L,2,24.049999999999997,34.8
ARG,ITA,R,R,6,25.02857142857143,35.7
CHN,USA,R,R,5,25.242857142857144,37.7
USA,BLR,R,R,4,27.0,29.2
HUN,FRA,R,R,5,26.619999999999997,37.1
FRA,GER,L,R,4,28.75,33.4
ESP,ARG,R,L,5,24.78,33.2
NED,GER,R,R,1,26.6,25.8
ESP,HUN,R,R,3,29.066666666666666,34.5
GBR,BRA,L,L,1,27.4,28.7
ITA,CHI,R,R,3,28.599999999999998,27.9
CHI,ITA,R,R,5,27.52,30.7
FRA,SUI,R,R,3,18.966666666666665,38.6
AUS,SUI,R,R,4,25.075,38.3
ITA,SVK,R,L,1,26.8,25.2
NOR,ARG,R,R,6,24.333333333333332,31.5
RUS,GER,R,R,11,26.728571428571428,32.9
GER,FIN,R,R,1,25.8,23.9
POL,AUS,R,R,5,26.316666666666666,29.0
FIN,ESP,R,R,2,23.9,34.9
AUS,GRE,R,R,1,28.8,24.5
USA,ITA,L,R,2,20.65,35.7
ARG,CAN,R,R,2,24.7,24.4
AUT,USA,R,L,1,29.5,20.4
USA,FRA,L,R,2,21.1,30.8
POL,GBR,R,L,1,26.1,21.2
SUI,NED,R,R,1,38.0,26.7
GRE,ARG,R,R,3,24.633333333333336,30.7
NED,USA,R,R,4,27.4125,29.7
USA,POR,R,R,2,26.45,26.5
CRO,BRA,R,L,1,26.4,28.9
CHI,NED,R,R,1,27.6,26.8
ARG,HUN,R,R,2,23.700000000000003,31.6
CHN,SRB,R,R,4,24.7,33.1
ARG,JPN,R,L,1,23.8,27.6
FRA,ARG,L,L,1,34.9,33.1
SWE,GBR,R,L,1,24.7,29.4
SRB,CHN,R,R,3,23.933333333333337,26.7
USA,CHN,R,R,3,24.766666666666666,23.7
DEN,GBR,R,R,1,20.1,22.2
HUN,NED,R,R,1,31.3,27.0
ARG,CRO,L,R,1,33.1,26.6
RUS,NOR,R,R,1,25.7,24.5
FRA,SWE,R,L,1,19.1,25.8
USA,BRA,R,R,1,26.2,25.4
CHN,BLR,R,R,1,26.8,29.4
GBR,FRA,R,L,1,36.2,24.3
ARG,BLR,L,R,1,21.7,29.5
AUS,HUN,R,R,1,22.5,31.5
USA,RUS,L,R,3,20.900000000000002,30.1
RUS,COL,R,R,1,24.8,27.2
USA,BEL,R,R,1,28.4,29.6
JPN,FRA,L,L,1,27.9,21.6
FRA,NED,L,R,1,25.2,27.9
SWE,CRO,R,R,1,27.5,18.1
NOR,JPN,R,R,1,24.8,25.5
BEL,FRA,R,R,1,32.8,26.9
POL,FRA,R,L,1,26.6,25.3
NED,BRA,R,R,1,27.3,23.6
POL,ARG,R,R,1,26.7,25.2
GBR,SUI,R,R,1,36.3,21.6
FIN,ARG,R,L,1,23.8,32.9
COL,GBR,R,R,1,22.9,32.6
SUI,GER,L,R,1,26.6,29.5
POR,AUT,R,L,1,26.5,24.3
DEN,BRA,R,R,1,20.1,34.6
PER,IRL,R,R,1,24.8,26.4
LUX,SLO,R,R,1,23.9,19.2
GEO,BOL,R,U,1,22.6,20.9
EGY,PAR,R,R,1,28.099999999999998,26.8
JAM,EST,R,R,1,25.05,24.6
TUN,CYP,R,R,1,30.0,26.8
BUL,GRE,R,R,2,30.9,26.5
FRA,NED,R,R,4,22.775,28.0
FRA,USA,R,L,1,26.2,20.2
USA,RUS,R,R,8,26.40909090909091,29.9
ESP,KAZ,R,R,1,23.6,25.5
USA,FIN,R,R,2,27.85,24.3
MDA,ESP,R,L,1,33.2,39.2
NED,SWE,R,R,4,26.9,26.9
CZE,FIN,R,R,2,21.299999999999997,24.0
PER,FRA,R,L,2,27.4,22.5
KAZ,FRA,R,R,4,26.100000000000005,32.6
FRA,RUS,R,R,6,26.625,30.4
AUS,JPN,R,R,4,25.775,30.6
CHI,PER,R,R,1,27.3,27.3
CHI,AUT,R,R,1,26.7,29.4
ESP,CAN,R,R,1,19.8,22.5
SUI,DEN,R,R,1,37.9,19.8
BLR,RUS,R,R,1,29.0,25.5
FIN,FRA,R,R,3,24.099999999999998,31.1
DEN,HUN,R,R,1,19.8,31.1
NED,AUS,R,R,5,27.300000000000004,29.3
ARG,PER,L,R,1,32.8,27.4
BLR,GER,R,R,1,29.0,24.5
CZE,ARG,R,R,2,21.450000000000003,31.0
ARG,TPE,R,R,1,27.9,21.6
DEN,AUT,R,R,2,20.2,30.1
NOR,NED,R,R,1,24.2,27.5
ITA,JPN,R,L,4,23.25,27.9
NOR,USA,R,L,1,24.3,20.5
RUS,PER,R,R,1,25.4,27.5
GRE,AUT,R,R,4,24.799999999999997,30.1
GRE,POR,R,R,1,24.7,26.2
SVK,ITA,L,R,1,25.4,28.0
ARG,USA,L,R,2,33.0,29.9
BEL,ITA,R,R,1,32.4,19.7
BRA,FRA,L,L,1,28.9,34.8
BUL,USA,R,R,4,32.15,28.4
BLR,ARG,R,L,1,29.2,33.0
BEL,ESP,R,R,1,32.4,25.9
GER,SVK,R,L,3,26.166666666666668,25.6
CAN,SRB,R,R,1,32.4,23.7
FRA,GER,R,R,4,31.025000000000002,31.9
ESP,CZE,R,R,2,27.8,21.9
ESP,BLR,R,R,1,30.2,29.3
BUL,JPN,R,R,1,32.1,25.9
USA,JPN,L,R,2,20.85,30.7
GER,USA,L,R,4,28.925,38.2
KAZ,GER,R,L,2,26.15,28.3
AUT,SVK,R,R,1,21.9,30.6
GER,GBR,L,R,1,29.2,33.1
RSA,AUS,R,R,1,26.4,31.5
AUS,TUN,R,R,1,24.4,28.0
GER,CHI,L,R,1,29.2,25.6
ESP,USA,R,L,2,22.299999999999997,21.0
CZE,AUS,R,R,3,22.600000000000005,29.5
GBR,POR,L,R,1,21.6,26.4
CHI,FRA,R,R,1,27.8,19.2
BUL,GBR,R,R,1,32.2,36.2
AUT,PER,R,R,2,28.65,27.9
CZE,SUI,R,R,1,23.0,38.5
POR,GER,R,L,1,26.6,29.4
FRA,SUI,L,L,2,30.25,21.1
CAN,SUI,R,R,1,23.2,21.7
SUI,ITA,L,R,1,21.2,20.3
GER,BIH,L,R,1,28.2,18.9
BRA,DEN,R,R,1,23.5,25.3
BRA,CHN,R,R,1,21.35,25.3
NOR,BRA,R,L,1,24.0,28.5
CRO,FRA,R,L,2,25.6,34.5
FRA,ARG,R,R,6,28.100000000000005,31.0
JPN,AUS,L,R,3,27.599999999999998,29.5
USA,FRA,R,R,19,25.350000000000005,37.3
AUS,CAN,R,R,4,25.18,32.4
KOR,GBR,R,L,1,25.1,21.0
AUS,RUS,R,R,9,25.5,32.4
POL,ESP,R,R,3,26.2,35.5
NED,BLR,R,R,2,27.25,28.9
FRA,BRA,R,L,1,30.6,28.6
FRA,CHN,L,R,2,24.049999999999997,23.3
BUL,RUS,R,R,4,32.0,29.4
USA,GEO,R,R,1,25.2,30.8
RUS,AUS,R,R,14,26.87777777777778,33.5
DEN,USA,R,R,4,19.9,27.8
ARG,ARG,R,R,9,25.923076923076923,31.9
ARG,CHI,R,R,4,22.55,30.2
SRB,PER,R,R,2,34.3,27.6
ARG,CHI,L,L,1,32.3,25.6
MDA,USA,R,R,4,33.400000000000006,30.0
USA,CAN,R,L,3,25.2,23.9
ECU,TPE,R,R,1,31.2,24.7
AUS,ESP,R,R,5,27.28,34.8
SRB,SRB,R,R,5,31.428571428571434,35.9
ARG,PER,R,R,3,23.033333333333335,27.6
BOL,SVK,R,L,1,29.6,25.2
NED,SWE,L,R,1,26.9,26.8
SUI,ESP,R,R,4,36.025,37.0
ITA,SWE,R,R,4,24.02,27.4
ESP,BRA,R,L,1,25.8,28.7
GER,ESP,R,R,5,27.400000000000002,34.9
GBR,GBR,L,R,2,23.933333333333334,35.8
RUS,FRA,R,L,7,26.033333333333335,35.2
HUN,AUS,R,R,4,27.450000000000003,29.1
ARG,BRA,L,L,2,32.95,29.1
SUI,AUS,R,R,1,37.9,26.9
ITA,BUL,R,R,2,21.8,32.3
CHN,GBR,R,R,2,25.049999999999997,28.1
ITA,ITA,R,L,1,35.8,32.8
USA,ARG,R,L,2,35.75,33.0
GER,JPN,R,R,2,28.75,25.2
ARG,GBR,R,L,3,24.45,27.7
AUT,FRA,R,R,5,29.78,36.8
CAN,SVK,L,R,1,24.0,30.4
RUS,UKR,R,R,1,24.4,23.1
RUS,BIH,R,R,1,25.4,30.9
SRB,JOR,R,L,2,21.950000000000003,20.0
JOR,SWE,L,R,1,19.4,27.0
GER,GRE,R,R,2,32.25,24.8
AUT,GBR,R,R,2,25.85,33.3
SRB,GBR,R,L,2,32.166666666666664,28.2
AUT,ITA,R,R,2,28.55,36.0
NOR,GER,R,R,2,24.549999999999997,33.4
SRB,LTU,R,R,1,28.0,32.9
FRA,GRE,R,R,3,31.03333333333333,25.1
FRA,GBR,L,L,3,31.799999999999997,29.4
FRA,ESP,R,L,1,27.9,35.4
NOR,AUT,R,R,1,24.5,27.1
AUT,ARG,R,R,1,27.1,23.9
RSA,CAN,R,R,1,37.1,21.8
GER,GER,L,R,1,28.1,22.7
SUI,AUT,R,R,1,38.3,21.9
SRB,BRA,R,R,1,28.1,23.3
NED,CAN,L,R,1,27.3,21.8
GBR,USA,R,R,1,34.650000000000006,25.5
CAN,JPN,R,R,1,32.6,30.5
POL,CRO,R,R,1,26.5,26.7
CHI,RUS,R,R,1,27.8,26.0
ARG,FIN,R,R,2,24.25,22.1
CHN,NOR,R,R,1,26.8,24.6
POL,HUN,R,R,1,26.6,23.9
HUN,KAZ,R,R,1,31.6,30.3
RUS,JPN,R,R,1,30.1,20.3
CAN,DEN,R,R,1,23.2,20.4
ITA,DEN,R,R,1,22.2,20.5
CAN,CHI,R,L,1,24.5,26.2
SRB,ESP,R,L,1,28.2,35.6
CRO,AUT,R,R,1,25.766666666666666,29.4
CZE,POR,R,R,1,21.53333333333333,33.8
NED,SVK,R,R,1,32.95,30.2
COL,UKR,R,R,1,27.2,28.3
LBN,UKR,R,R,1,27.9,21.2
LUX,RSA,R,R,1,24.3,26.3
